hash_name	barcode
20uM_hash_P7_A1	GGTTGGCGAC
20uM_hash_P7_B1	GTAGATCGTT
20uM_hash_P7_C1	GAGGTCGGTT
20uM_hash_P7_D1	ACGCGCTCCT
20uM_hash_P7_E1	AGCGTCGTAT
20uM_hash_P7_F1	GACCAATGCG
20uM_hash_P7_G1	AGGTAGAGCT
20uM_hash_P7_H1	TTGCAGCATT
10uM_hash_P7_A2	GTAGATGCGC
10uM_hash_P7_B2	TCGGTAAGGC
10uM_hash_P7_C2	ACGATAGACT
10uM_hash_P7_D2	GCGGCCAATC
10uM_hash_P7_E2	ACGCGTATCG
10uM_hash_P7_F2	CATGACTCAA
10uM_hash_P7_G2	ACTCCGCCAA
10uM_hash_P7_H2	ACGTTGAATG
5uM_hash_P7_A3	AGGACTGCGA
5uM_hash_P7_B3	ACTCGACGCC
5uM_hash_P7_C3	CCTATCATAA
5uM_hash_P7_D3	AATCCGGTCA
5uM_hash_P7_E3	CTATTAACCA
5uM_hash_P7_F3	GATCCAGCGT
5uM_hash_P7_G3	TGAGACTCTA
5uM_hash_P7_H3	GCGGAGTCGA
2.5uM_hash_P7_A4	GAGGCTTATT
2.5uM_hash_P7_B4	CGCCAGGCAT
2.5uM_hash_P7_C4	AATACCAGTT
2.5uM_hash_P7_D4	GCGGTTATTG
2.5uM_hash_P7_E4	CATCCAGCCA
2.5uM_hash_P7_F4	GGCTGCCTTA
2.5uM_hash_P7_G4	TTCTATAGAG
2.5uM_hash_P7_H4	TCTAGTCAAG
1.25uM_hash_P7_A5	ACGGAGAATA
1.25uM_hash_P7_B5	ATTAACTTAA
1.25uM_hash_P7_C5	CGTATTGAGA
1.25uM_hash_P7_D5	TAGCCAGCAA
1.25uM_hash_P7_E5	TCGGCGTCGT
1.25uM_hash_P7_F5	GCCTGATATA
1.25uM_hash_P7_G5	GCCTCAGCAT
1.25uM_hash_P7_H5	ATCTAGGTTC