type	barcode	sequence
ligation	LIG1	ACTTGATTGT
ligation	LIG2	TAATCAGCTT
ligation	LIG3	TAAGAATGGT
ligation	LIG4	ACAACCTATT
ligation	LIG5	ATTCCTAGAT
ligation	LIG6	TTGATTCCTT
ligation	LIG7	AAGGATTACT
ligation	LIG8	TCCTATAAGT
ligation	LIG9	TATAAGAGGT
ligation	LIG10	TATTCTCCTT
ligation	LIG11	TAATACCAGT
ligation	LIG12	TGGATTCTAT
ligation	LIG13	TCTTAGTTCT
ligation	LIG14	TCTATCCAAT
ligation	LIG15	AATTCATCGT
ligation	LIG16	TAGATGACTT
ligation	LIG17	AAATTCCTCT
ligation	LIG18	ATTAGGTACT
ligation	LIG19	TGGTTGAATT
ligation	LIG20	AACTAGTTGT
ligation	LIG21	TTCTTCGTTT
ligation	LIG22	AAGTTCTTGT
ligation	LIG23	ACTTACTCAT
ligation	LIG24	ACCATGATTT
ligation	LIG25	TAACGACTTT
ligation	LIG26	TTTGCTACTT
ligation	LIG27	TAAGGTTCAT
ligation	LIG28	AGTATTAGCT
ligation	LIG29	ACAGGTATTT
ligation	LIG30	TTCCATCTTT
ligation	LIG31	ATTGATCGTT
ligation	LIG32	TGAATCTGAT
ligation	LIG33	TAGAACCAAT
ligation	LIG34	TTCTCATTGT
ligation	LIG35	ATATGGATCT
ligation	LIG36	ATCAGTCATT
ligation	LIG37	TATCTCGATT
ligation	LIG38	AAACTCCAAT
ligation	LIG39	TCAAGATCTT
ligation	LIG40	ATAACTTCCT
ligation	LIG41	AAGGATATGT
ligation	LIG42	TTACCTAAGT
ligation	LIG43	ATATCCTACT
ligation	LIG44	ATTAGTCTGT
ligation	LIG45	TGTCCTTATT
ligation	LIG46	TTGACTCAAT
ligation	LIG47	ATACCAGTTT
ligation	LIG48	TCCTAACTTT
ligation	LIG49	GGCGTTAAT
ligation	LIG50	GGTACCATT
ligation	LIG51	TTGACCAGT
ligation	LIG52	CGAATGAGT
ligation	LIG53	CAAGCAACT
ligation	LIG54	TTCGTTCCT
ligation	LIG55	TTGGAGCTT
ligation	LIG56	TAGGAAGGT
ligation	LIG57	CAGTATCCT
ligation	LIG58	CCTAATGGT
ligation	LIG59	GAGGAACTT
ligation	LIG60	AGTCGCATT
ligation	LIG61	ACGTTGCTT
ligation	LIG62	AGCGTAAGT
ligation	LIG63	TGCAAGGTT
ligation	LIG64	CTTCGACTT
ligation	LIG65	TTATCCGCT
ligation	LIG66	AGAGTACCT
ligation	LIG67	CTGAGCATT
ligation	LIG68	GCTCTTAGT
ligation	LIG69	TGCTGGATT
ligation	LIG70	ACGCTTGAT
ligation	LIG71	CAGCATTGT
ligation	LIG72	ATGGTTGGT
ligation	LIG73	CGTACCTAT
ligation	LIG74	CTCGTTGAT
ligation	LIG75	CATCAACGT
ligation	LIG76	CAGCAAGTT
ligation	LIG77	TCGAGAAGT
ligation	LIG78	CCAAGGATT
ligation	LIG79	AAGGACGAT
ligation	LIG80	AACTGGCAT
ligation	LIG81	GATAAGCGT
ligation	LIG82	GCGTACTTT
ligation	LIG83	GGCTAAGAT
ligation	LIG84	CTGCCTTAT
ligation	LIG85	GTCTATGGT
ligation	LIG86	GAGTTCTCT
ligation	LIG87	TACTTGCGT
ligation	LIG88	GATACGTCT
ligation	LIG89	AGATCGGAT
ligation	LIG90	TCAGCTTCT
ligation	LIG91	TCGAAGGAT
ligation	LIG92	GGTCAGTTT
ligation	LIG93	TGATGCGAT
ligation	LIG94	CTGATAGGT
ligation	LIG95	GTCTCTACT
ligation	LIG96	GTCGTAACT
ligation	LIG97	AAACCATAGT
ligation	LIG98	AAACTGAACT
ligation	LIG99	AAAGCTGATT
ligation	LIG100	AAATCGTTCT
ligation	LIG101	AACCTCATTT
ligation	LIG102	AACGAGCGT
ligation	LIG103	AACGATCATT
ligation	LIG104	AACGCGTCT
ligation	LIG105	AACGTAATCT
ligation	LIG106	AACTTGGATT
ligation	LIG107	AAGACCTTAT
ligation	LIG108	AAGCAGTATT
ligation	LIG109	AAGGCTACT
ligation	LIG110	AAGTACGTTT
ligation	LIG111	AAGTATTGGT
ligation	LIG112	AATACCGAAT
ligation	LIG113	AATCCAGTAT
ligation	LIG114	AATTCTAGGT
ligation	LIG115	ACAATGCTAT
ligation	LIG116	ACATGGTAAT
ligation	LIG117	ACATTCGTAT
ligation	LIG118	ACCGGTTCT
ligation	LIG119	ACCTCAATAT
ligation	LIG120	ACGACGCAT
ligation	LIG121	ACGATATCAT
ligation	LIG122	ACGCTTATAT
ligation	LIG123	ACGGAACGT
ligation	LIG124	ACGTCTAGT
ligation	LIG125	ACTGAATACT
ligation	LIG126	ACTGGACCT
ligation	LIG127	ACTGGTTATT
ligation	LIG128	ACTTATGGTT
ligation	LIG129	ACTTCCGTT
ligation	LIG130	AGAACTCCT
ligation	LIG131	AGAAGTAAGT
ligation	LIG132	AGAGATGAAT
ligation	LIG133	AGAGCATGT
ligation	LIG134	AGAGGTCGT
ligation	LIG135	AGATTCAACT
ligation	LIG136	AGATTGGTTT
ligation	LIG137	AGCATAACTT
ligation	LIG138	AGCATTATGT
ligation	LIG139	AGCTATCGT
ligation	LIG140	AGGATAATCT
ligation	LIG141	AGGCGGAAT
ligation	LIG142	AGGCTCGTT
ligation	LIG143	AGTAGCCAT
ligation	LIG144	AGTTAACCAT
ligation	LIG145	ATAAGCGAAT
ligation	LIG146	ATAATCCTGT
ligation	LIG147	ATACTACTCT
ligation	LIG148	ATAGTTGACT
ligation	LIG149	ATATCTGGAT
ligation	LIG150	ATATGCCATT
ligation	LIG151	ATCAATACGT
ligation	LIG152	ATCTGATGAT
ligation	LIG153	ATCTTCAGAT
ligation	LIG154	ATGCATTCAT
ligation	LIG155	ATGCTTCCT
ligation	LIG156	ATGGACTATT
ligation	LIG157	ATGGTAACTT
ligation	LIG158	ATTAATGCCT
ligation	LIG159	ATTACCATCT
ligation	LIG160	ATTCAAGCAT
ligation	LIG161	ATTCGCAATT
ligation	LIG162	ATTCGGAGT
ligation	LIG163	ATTGAGGAAT
ligation	LIG164	CAACTCTCT
ligation	LIG165	CAAGGCGTT
ligation	LIG166	CAGATCAGT
ligation	LIG167	CAGGACTCT
ligation	LIG168	CATACCGCT
ligation	LIG169	CCAATCCAT
ligation	LIG170	CCAGCCTTT
ligation	LIG171	CCATCGTCT
ligation	LIG172	CCGACCAAT
ligation	LIG173	CCGTCGATT
ligation	LIG174	CCTGCAGTT
ligation	LIG175	CCTGCTACT
ligation	LIG176	CGAAGACCT
ligation	LIG177	CGAGGCAAT
ligation	LIG178	CGATTCGCT
ligation	LIG179	CGCCATTCT
ligation	LIG180	CGCTAACCT
ligation	LIG181	CGCTGCTTT
ligation	LIG182	CGGAACCTT
ligation	LIG183	CGGTAAGGT
ligation	LIG184	CGTAGGCTT
ligation	LIG185	CGTCTTCCT
ligation	LIG186	CGTTGATCT
ligation	LIG187	CTAACGACT
ligation	LIG188	CTACCTGGT
ligation	LIG189	CTCCATCAT
ligation	LIG190	CTCGCATGT
ligation	LIG191	CTCTGAGCT
ligation	LIG192	CTGACGTTT
ligation	LIG193	CTTAGCGGT
ligation	LIG194	GACCGAATT
ligation	LIG195	GACTACCAT
ligation	LIG196	GACTCGCTT
ligation	LIG197	GACTGACGT
ligation	LIG198	GAGCGGTAT
ligation	LIG199	GATTACGGT
ligation	LIG200	GCAACGTTT
ligation	LIG201	GCGCTCAAT
ligation	LIG202	GCGGAGAAT
ligation	LIG203	GCGTCGTAT
ligation	LIG204	GCTCGAGAT
ligation	LIG205	GCTTCTGGT
ligation	LIG206	GGATAGGTT
ligation	LIG207	GGCGACTAT
ligation	LIG208	GGCGCATTT
ligation	LIG209	GGTACGGAT
ligation	LIG210	GGTAGTCCT
ligation	LIG211	GGTCCTTCT
ligation	LIG212	GTACCTCTT
ligation	LIG213	GTAGCGATT
ligation	LIG214	GTCGGAGTT
ligation	LIG215	GTCGGCAAT
ligation	LIG216	GTTCCAGCT
ligation	LIG217	GTTCGCTGT
ligation	LIG218	GTTGCTCCT
ligation	LIG219	TAAGACCGT
ligation	LIG220	TAGCTCGGT
ligation	LIG221	TATCCAGGT
ligation	LIG222	TCAGCGGTT
ligation	LIG223	TCAGTTGGT
ligation	LIG224	TCCGGTCAT
ligation	LIG225	TCCGTATGT
ligation	LIG226	TCCTACCTT
ligation	LIG227	TCGCGCATT
ligation	LIG228	TCGGTACCT
ligation	LIG229	TCGTAGCGT
ligation	LIG230	TCTCCGAAT
ligation	LIG231	TCTCTCCAT
ligation	LIG232	TGAACGCGT
ligation	LIG233	TGCCTTGGT
ligation	LIG234	TGCGTAGTT
ligation	LIG235	TGCTCCTAT
ligation	LIG236	TGGACCTCT
ligation	LIG237	TGGCCTGAT
ligation	LIG238	TGGTAGGCT
ligation	LIG239	TGGTCGAAT
ligation	LIG240	TGGTCTCCT
ligation	LIG241	TTCCGACGT
ligation	LIG242	TTCTCTCGT
ligation	LIG243	TTCTGGCCT
ligation	LIG244	TTGAGTCCT
ligation	LIG245	TTGCGGTCT
ligation	LIG246	TTGGCGACT
ligation	LIG247	AACCGCTGT
ligation	LIG248	AAGATGCCT
ligation	LIG249	AAGCGCCAT
ligation	LIG250	ACCAATGCT
ligation	LIG251	ACCGTAGCT
ligation	LIG252	ACCTTCGGT
ligation	LIG253	ACGAGGTTT
ligation	LIG254	ACGCCATAT
ligation	LIG255	ACGGCAATT
ligation	LIG256	AGCAACGAT
ligation	LIG257	AGGCATCAT
ligation	LIG258	AGTTGCGCT
ligation	LIG259	ATAGTCGCT
ligation	LIG260	ATGCCAAGT
ligation	LIG261	ATGGAGAGT
ligation	LIG262	ATGGCAGCT
ligation	LIG263	ATGGCGTAT
ligation	LIG264	ATTGCCGGT
ligation	LIG265	CAACGCAGT
ligation	LIG266	CAATCGGTT
ligation	LIG267	CAGAAGGCT
ligation	LIG268	CATCGGACT
ligation	LIG269	CCAGAACCT
ligation	LIG270	CCATCAGGT
ligation	LIG271	CCATTGCGT
ligation	LIG272	CCGAGAGAT
ligation	LIG273	CCGGAGTTT
ligation	LIG274	CCGGATAGT
ligation	LIG275	CCGTCTCAT
ligation	LIG276	CCTCCTGAT
ligation	LIG277	CGACGATAT
ligation	LIG278	CGAGATGCT
ligation	LIG279	CGCCGTAAT
ligation	LIG280	CGGTTCCAT
ligation	LIG281	CGTCGAAGT
ligation	LIG282	CTACGGCAT
ligation	LIG283	CTAGTACGT
ligation	LIG284	CTATCTCCT
ligation	LIG285	CTCCAGAGT
ligation	LIG286	CTCCGGTTT
ligation	LIG287	CTCCTCGTT
ligation	LIG288	CTCTACTGT
ligation	LIG289	CTGCTGAAT
ligation	LIG290	CTGGAAGAT
ligation	LIG291	CTTCATGCT
ligation	LIG292	GAACGATGT
ligation	LIG293	GAACGGCTT
ligation	LIG294	GAAGAGGCT
ligation	LIG295	GACCAGGAT
ligation	LIG296	GACCGTCAT
ligation	LIG297	GACGTTCGT
ligation	LIG298	GACTTGGCT
ligation	LIG299	GAGACTAGT
ligation	LIG300	GATCGACCT
ligation	LIG301	GCAATCGCT
ligation	LIG302	GCAGATACT
ligation	LIG303	GCATCCAGT
ligation	LIG304	GCCATGGTT
ligation	LIG305	GCGGTATAT
ligation	LIG306	GCTGAAGCT
ligation	LIG307	GCTGGCTAT
ligation	LIG308	GGACTTGAT
ligation	LIG309	GGAGCTCAT
ligation	LIG310	GGAGGTTCT
ligation	LIG311	GGCAAGTCT
ligation	LIG312	GGCTTACTT
ligation	LIG313	GGTCTACGT
ligation	LIG314	GGTTCGAGT
ligation	LIG315	GGTTGGCAT
ligation	LIG316	GTAAGCTCT
ligation	LIG317	GTAAGGAGT
ligation	LIG318	GTAGACGGT
ligation	LIG319	GTATCGCAT
ligation	LIG320	GTCATCTGT
ligation	LIG321	GTCCTGCAT
ligation	LIG322	GTTGCAAGT
ligation	LIG323	TAACTAAGGT
ligation	LIG324	TACGGTAGT
ligation	LIG325	TACTCCTATT
ligation	LIG326	TAGAGAGTAT
ligation	LIG327	TAGAGCCTT
ligation	LIG328	TAGCCAATTT
ligation	LIG329	TAGGTACTAT
ligation	LIG330	TAGTTACCTT
ligation	LIG331	TATAAGGCTT
ligation	LIG332	TATATGCGTT
ligation	LIG333	TATCATGAGT
ligation	LIG334	TATCGAACTT
ligation	LIG335	TATGACTTGT
ligation	LIG336	TATGAGAACT
ligation	LIG337	TATGCGATTT
ligation	LIG338	TATGGTCTTT
ligation	LIG339	TATTCGGCT
ligation	LIG340	TATTGACTCT
ligation	LIG341	TATTGAGGTT
ligation	LIG342	TCAGGAGAT
ligation	LIG343	TCATAGAGTT
ligation	LIG344	TCATGGCTT
ligation	LIG345	TCATTAAGCT
ligation	LIG346	TCCAAGTTAT
ligation	LIG347	TCCAATAGTT
ligation	LIG348	TCCTATTCTT
ligation	LIG349	TCCTCGAGT
ligation	LIG350	TCGAATCTTT
ligation	LIG351	TCGCCAACT
ligation	LIG352	TCGTCTATTT
ligation	LIG353	TCGTTCTGT
ligation	LIG354	TCTACTTACT
ligation	LIG355	TCTAGGAATT
ligation	LIG356	TCTATACCTT
ligation	LIG357	TCTCGCTCT
ligation	LIG358	TGAATTCGTT
ligation	LIG359	TGACGAGGT
ligation	LIG360	TGAGAATCAT
ligation	LIG361	TGAGTTAGAT
ligation	LIG362	TGATCTTCTT
ligation	LIG363	TGCCTATTAT
ligation	LIG364	TGCTAATTCT
ligation	LIG365	TGCTACTAAT
ligation	LIG366	TGGATCCGT
ligation	LIG367	TGGTAATAGT
ligation	LIG368	TGTTAAGACT
ligation	LIG369	TTAATGAGCT
ligation	LIG370	TTATAGGCAT
ligation	LIG371	TTCAACTGAT
ligation	LIG372	TTCCATTACT
ligation	LIG373	TTCGCATAAT
ligation	LIG374	TTCGCGGAT
ligation	LIG375	TTCTAAGCTT
ligation	LIG376	TTCTCTAGTT
ligation	LIG377	TTCTTAACCT
ligation	LIG378	TTGAAGTCTT
ligation	LIG379	TTGAGAGATT
ligation	LIG380	TTGGAGTTAT
ligation	LIG381	TTGGCAATAT
ligation	LIG382	TTGGCTCAT
ligation	LIG383	TTGGTTAAGT
ligation	LIG384	TTTGCTTAGT
p5	A01	CTCCATCGAG
p5	A02	TTGGTAGTCG
p5	A03	GGCCGTCAAC
p5	A04	CCTAGACGAG
p5	A05	TCGTTAGAGC
p5	A06	CGTTCTATCA
p5	A07	CGGAATCTAA
p5	A08	ATGACTGATC
p5	A09	TCAATATCGA
p5	A10	GTAGACCTGG
p5	A11	TTATGACCAA
p5	A12	TTGGTCCGTT
p5	B01	GGTACGTTAA
p5	B02	CAATGAGTCC
p5	B03	GATGCAGTTC
p5	B04	CCATCGTTCC
p5	B05	TTGAGAGAGT
p5	B06	ACTGAGCGAC
p5	B07	TGAGGAATCA
p5	B08	CCTCCGACGG
p5	B09	CATTGACGCT
p5	B10	TCGTCCTTCG
p5	B11	TGATACTCAA
p5	B12	TTCTACCTCA
p5	C01	TCGTCGGAAC
p5	C02	ATCGAGATGA
p5	C03	TAGACTAGTC
p5	C04	GTCGAAGCAG
p5	C05	AGGCGCTAGG
p5	C06	AGATGCAACT
p5	C07	AAGCCTACGA
p5	C08	GTAGGCAATT
p5	C09	TGCCAGTTGC
p5	C10	CTTAGGTATC
p5	C11	GAGACCTACC
p5	C12	ATTGACCGAG
p5	D01	GGAGGCGGCG
p5	D02	CCAGTACTTG
p5	D03	GGTCTCGCCG
p5	D04	GGCGGAGGTC
p5	D05	TAGTTCTAGA
p5	D06	TTGGAGTTAG
p5	D07	AGATCTTGGT
p5	D08	GTAATGATCG
p5	D09	CAGAGAGGTC
p5	D10	TTAATTAGCC
p5	D11	CTCTAACTCG
p5	D12	TACGATCATC
p5	E01	AGGCGAGAGC
p5	E02	TCAAGATAGT
p5	E03	TAATTGACCT
p5	E04	CAGCCGGCTT
p5	E05	AGAACCGGAG
p5	E06	GAGATGCATG
p5	E07	GATTACCGGA
p5	E08	TCGTAACGGT
p5	E09	TGGCGACGGA
p5	E10	AGTCATAGCC
p5	E11	GTCAAGTCCA
p5	E12	ATTCGGAAGT
p5	F01	GTCGGTAGTT
p5	F02	AGGACGGACG
p5	F03	CTCCTGGACC
p5	F04	TAGCCTCGTT
p5	F05	GGTTGAACGT
p5	F06	AGGTCCTCGT
p5	F07	GGAAGTTATA
p5	F08	TGGTAATCCT
p5	F09	AAGCTAGGTT
p5	F10	TCCGCGGACT
p5	F11	TGCGGATAGT
p5	F12	TGGCAGCTCG
p5	G01	TGCTACGGTC
p5	G02	GCGCAATGAC
p5	G03	CTTAATCTTG
p5	G04	GGAGTTGCGT
p5	G05	ACTCGTATCA
p5	G06	GGTAATAATG
p5	G07	TCCTTATAGA
p5	G08	CCGACTCCAA
p5	G09	GCCAAGCTTG
p5	G10	CATATCCTAT
p5	G11	ACCTACGCCA
p5	G12	GGAATTCAGT
p5	H01	TGGCGTAGAA
p5	H02	ATTGCGGCCA
p5	H03	TTCAGCTTGG
p5	H04	CCATCTGGCA
p5	H05	CTTATAAGTT
p5	H06	GATTAGATGA
p5	H07	TATAGGATCT
p5	H08	AGCTTATAGG
p5	H09	GTCTGCAATC
p5	H10	CGCCTCTTAT
p5	H11	GTTGGATCTT
p5	H12	GCGATTGCAG
p7	A01	TCGGATTCGG
p7	B01	TCCGGCTTAT
p7	C01	TCGCCGCCGG
p7	D01	TTGGCAAGCC
p7	E01	CAGCTAGCGG
p7	F01	GTAGGATAAG
p7	G01	AAGTAGCTCA
p7	H01	TAAGTCCTGA
p7	A02	GCGGCTGCGG
p7	B02	ACCAGGCGCA
p7	C02	CCGTATGATT
p7	D02	TTGATTGGCG
p7	E02	CTAAGCCTTG
p7	F02	CGTCGAGCGC
p7	G02	TATTGCTGGA
p7	H02	AGTTCTCATG
p7	A03	AGATTACGTT
p7	B03	AGAGGAGAAT
p7	C03	AACGCGCAGA
p7	D03	GCATATGAGC
p7	E03	CGTTACCGCT
p7	F03	ACTATTCATT
p7	G03	CCAGATACGG
p7	H03	CAGACTAAGG
p7	A04	CTAACTAGGT
p7	B04	GTACTCCTAT
p7	C04	CTCGTCGTAG
p7	D04	GAACTCGACT
p7	E04	GACTGGACCA
p7	F04	TTGCTTAGAT
p7	G04	AACGAATTCG
p7	H04	TCTATCGCTG
p7	A05	CATAGCGACC
p7	B05	GCTAACGGAT
p7	C05	CTAATTGCGA
p7	D05	CTAGCCAGCC
p7	E05	GCAAGACCGT
p7	F05	CGAATGGAGC
p7	G05	CGCTTATCGT
p7	H05	GCGCTATGGT
p7	A06	CCGCTAAGAG
p7	B06	AGTTGAATCA
p7	C06	CGCGGCCATA
p7	D06	TGCGACCTCT
p7	E06	TCAATCTCCT
p7	F06	CTATATAGCC
p7	G06	AAGTACGCGA
p7	H06	CATTATTATT
p7	A07	ATGGAACGAA
p7	B07	TGATTAGGTA
p7	C07	AATATTACTT
p7	D07	ATTCTTAGCT
p7	E07	ATACCTCGAC
p7	F07	CTACTAATAA
p7	G07	GATCTTCGCA
p7	H07	AGCCGTAGTT
p7	A08	GCGTTCCGTT
p7	B08	TCGTAGCATC
p7	C08	ATTGGCAGAT
p7	D08	TTGATACGAT
p7	E08	TAGAGGCGTT
p7	F08	TGGTTGCCGT
p7	G08	TCTTAGCCTG
p7	H08	TGATATTGCG
p7	A09	GGTTATCGAA
p7	B09	TCTTGAGGTT
p7	C09	ATGGCGCCTG
p7	D09	TATAATAGTT
p7	E09	TAGGTAACTT
p7	F09	TCCTCTGCCG
p7	G09	TTATTGAGGC
p7	H09	ACGGCGTTAA
p7	A10	GCATCGTATG
p7	B10	AGGTCAGCTT
p7	C10	ATAAGGACTC
p7	D10	TTGCCGTAGG
p7	E10	TTCGAATATT
p7	F10	GATTCTTGAA
p7	G10	TTGCGAGCAT
p7	H10	GGCTTACTCC
p7	A11	AATACGATAA
p7	B11	TATTAGACTT
p7	C11	TAGTAAGCCG
p7	D11	AGACCATATC
p7	E11	TGGACGACTA
p7	F11	GTAGCAGCTA
p7	G11	GCTTGAAGAG
p7	H11	GCGCGTTCAT
p7	A12	TTCCGTCGAC
p7	B12	CTCAATTAGT
p7	C12	ATTATGCAAG
p7	D12	TTGGTAAGGA
p7	E12	GTAGGCTGCA
p7	F12	CCTCAGCTCC
p7	G12	AGTCCGCTGC
p7	H12	GAGCGCGATG
rt	P01-A01	TCCTACCAGT
rt	P01-A02	GCGTTGGAGC
rt	P01-A03	GATCTTACGC
rt	P01-A04	CTGATGGTCA
rt	P01-A05	CCGAGAATCC
rt	P01-A06	GCCGCAACGA
rt	P01-A07	TGAGTCTGGC
rt	P01-A08	TGCGGACCTA
rt	P01-A09	ACGGAGGCGG
rt	P01-A10	TAGATCTACT
rt	P01-A11	AATTAAGACT
rt	P01-A12	TTATTCATTC
rt	P01-B01	TTGACTTCAG
rt	P01-B02	AGAGCTATAA
rt	P01-B03	CTAAGAGAAG
rt	P01-B04	ACTCAATAGG
rt	P01-B05	CTTGCGCCGC
rt	P01-B06	GGTACTGCCT
rt	P01-B07	TAGAATTAAC
rt	P01-B08	GCCATTCTCC
rt	P01-B09	TGCCGGCAGA
rt	P01-B10	TTACCGAGGC
rt	P01-B11	ATCATATTAG
rt	P01-B12	TGGTCAGCCA
rt	P01-C01	ACTATGCAAT
rt	P01-C02	CGACGCGACT
rt	P01-C03	GATACGGAAC
rt	P01-C04	TTATCCGGAT
rt	P01-C05	TAGAGTAATA
rt	P01-C06	GCAGGTCCGT
rt	P01-C07	TCGGCCTTAC
rt	P01-C08	AGAACGTCTC
rt	P01-C09	CCAGTTCCAA
rt	P01-C10	ACTTAACCTT
rt	P01-C11	CAACCGCTAA
rt	P01-C12	GACCTTGATA
rt	P01-D01	TCTGATACCA
rt	P01-D02	GAAGATCGAG
rt	P01-D03	AAGAAGCTAG
rt	P01-D04	TCCGGCCTCG
rt	P01-D05	AGAGAAGGTT
rt	P01-D06	CATACTCCGA
rt	P01-D07	GCTAACTTGC
rt	P01-D08	GGCTGAGCTC
rt	P01-D09	CCGATTCCTG
rt	P01-D10	ACCGCCAACC
rt	P01-D11	ATAAGGAGCA
rt	P01-D12	CGAACGCCGG
rt	P01-E01	GGTATGCTTG
rt	P01-E02	AACCTGCGTA
rt	P01-E03	GGCAGACGCC
rt	P01-E04	TAGCCGTCAT
rt	P01-E05	CTAGTAGTCT
rt	P01-E06	ACGCGAGATT
rt	P01-E07	GGTATCCGCC
rt	P01-E08	AACTAGGCGC
rt	P01-E09	TCGCTAAGCA
rt	P01-E10	TATATACTAA
rt	P01-E11	ACTTGCTAGA
rt	P01-E12	AACCATTGGA
rt	P01-F01	TCGCGGTTGG
rt	P01-F02	CGTAGTTACC
rt	P01-F03	TCCAATCATC
rt	P01-F04	AATCGATAAT
rt	P01-F05	CCATTATCTA
rt	P01-F06	TCAACGTAAG
rt	P01-F07	TCTAATAGTA
rt	P01-F08	GATCGCTTCT
rt	P01-F09	CTAACTAGAT
rt	P01-F10	GCTGGAACTT
rt	P01-F11	AGGTTAGTTC
rt	P01-F12	CATTCGACGG
rt	P01-G01	CATTCAATCA
rt	P01-G02	CGGATTAGAA
rt	P01-G03	ATCGGCTATC
rt	P01-G04	ACGAAGTCAA
rt	P01-G05	TTACCTCGAC
rt	P01-G06	GGAGGATAGC
rt	P01-G07	GGCTCTCTAT
rt	P01-G08	CGGTCAAGAA
rt	P01-G09	CGCTCCTAAC
rt	P01-G10	ATCCATGACT
rt	P01-G11	AACCTGGTCT
rt	P01-G12	GGTACCGGCA
rt	P01-H01	AAGCCAGTTA
rt	P01-H02	TCTTGCCGAC
rt	P01-H03	AAGACCGTTG
rt	P01-H04	AGGTTAGCAT
rt	P01-H05	TTCGCCTCCA
rt	P01-H06	AGAGCCAAGG
rt	P01-H07	AATACCATCC
rt	P01-H08	AGCTCTCCTC
rt	P01-H09	AGCTTATCCG
rt	P01-H10	CATCTCTGCA
rt	P01-H11	ACCTGGCCAA
rt	P01-H12	TAACTGGTTA
rt	P02-A01	TTGCTAACGG
rt	P02-A02	ACTAGAGAGT
rt	P02-A03	AATGCCGCTT
rt	P02-A04	TATAGACGCA
rt	P02-A05	TCAATCGCAT
rt	P02-A06	TTCTTAATAA
rt	P02-A07	GTCCTAGAGG
rt	P02-A08	ATATTGATAC
rt	P02-A09	CCGCTGCCAG
rt	P02-A10	CAATTACCGT
rt	P02-A11	GGCCGTAGTC
rt	P02-A12	TAATGAACGA
rt	P02-B01	CCGTTCCTTA
rt	P02-B02	ATGGCTCTGC
rt	P02-B03	GTATAATACG
rt	P02-B04	GGCGAACTCG
rt	P02-B05	TTAATTGAAT
rt	P02-B06	TTAGGACCGG
rt	P02-B07	AAGTAAGAGC
rt	P02-B08	CCTTGGTCCA
rt	P02-B09	CATCAGAATG
rt	P02-B10	TTATAGCAGA
rt	P02-B11	TTACTTGGAA
rt	P02-B12	GCTCAGCCGG
rt	P02-C01	ACGTCCGCAG
rt	P02-C02	TTGCGAGGCA
rt	P02-C03	TTCCAACCGC
rt	P02-C04	TCAAGCCGAT
rt	P02-C05	CTTGCAACCT
rt	P02-C06	CCATCGCGAA
rt	P02-C07	TAGACTTCTT
rt	P02-C08	GTCCTTAAGA
rt	P02-C09	AGTAACGGTC
rt	P02-C10	GTTCGTCAGA
rt	P02-C11	CGCCTAATGC
rt	P02-C12	ACCGGAATTA
rt	P02-D01	TAGGCCATAG
rt	P02-D02	TAACTCTTAG
rt	P02-D03	TATGAGTTAA
rt	P02-D04	TATCATGATC
rt	P02-D05	GAGCATATGG
rt	P02-D06	TAACGATCCA
rt	P02-D07	CGGCGTAACT
rt	P02-D08	CGTCGCAGCC
rt	P02-D09	GTAGCTCCAT
rt	P02-D10	GTCCTACTTG
rt	P02-D11	GGTAGGTTAG
rt	P02-D12	GAGCATCATT
rt	P02-E01	CCGCTCCGGC
rt	P02-E02	TTCTTCCGGT
rt	P02-E03	AGGAGAGAAC
rt	P02-E04	TAACTCAATT
rt	P02-E05	ACTATAGGTT
rt	P02-E06	AGGTATACTC
rt	P02-E07	TTCATAGGAC
rt	P02-E08	GGAGGCCTCC
rt	P02-E09	TTCAATATAA
rt	P02-E10	ACGTCATATA
rt	P02-E11	CGGTTGCGCG
rt	P02-E12	CAAGGAGGTC
rt	P02-F01	TTACGATGAA
rt	P02-F02	TTGCTGGCAT
rt	P02-F03	ATTCGACCAA
rt	P02-F04	CCGCGGCTCA
rt	P02-F05	GTTACGCAAG
rt	P02-F06	AGCCGGTACC
rt	P02-F07	ACCTCTATCT
rt	P02-F08	GGACTACTAC
rt	P02-F09	GTATCATCGA
rt	P02-F10	CCGCGATTAT
rt	P02-F11	ATTCAGGTAC
rt	P02-F12	ATGGAATTGG
rt	P02-G01	GACGAAGCGT
rt	P02-G02	CTTGCAGTAG
rt	P02-G03	CTTGGTAATG
rt	P02-G04	CAAGTCGACC
rt	P02-G05	TAACGAATTG
rt	P02-G06	TTATTCTGAG
rt	P02-G07	TTATTATGGT
rt	P02-G08	ATATGAGCCA
rt	P02-G09	CAACCAGTAC
rt	P02-G10	CATCCGACTA
rt	P02-G11	CCGCAAGTTC
rt	P02-G12	CAGGAGGAGA
rt	P02-H01	GATATCGGCG
rt	P02-H02	CCAGTCCTCT
rt	P02-H03	CATAGTTCGG
rt	P02-H04	CGTAATGCAG
rt	P02-H05	CCGTTCGGAT
rt	P02-H06	CCATAAGTCC
rt	P02-H07	GGCAATGAGA
rt	P02-H08	CGGTTATGCC
rt	P02-H09	TGGCCGGCCT
rt	P02-H10	AGCTGCAATA
rt	P02-H11	TGGCCATGCA
rt	P02-H12	TGACGCTCCG
rt	P03-A01	AACTGCTGCC
rt	P03-A02	TGCGCGATGC
rt	P03-A03	ATTGAGATTG
rt	P03-A04	TTGATATATT
rt	P03-A05	CGGTAGGAAT
rt	P03-A06	ACCAGCGCAG
rt	P03-A07	AGTTCGAGTA
rt	P03-A08	TTGGACGCTG
rt	P03-A09	ATAGACTAGG
rt	P03-A10	TATAGTAAGC
rt	P03-A11	CGGTCGTTAA
rt	P03-A12	ATGGCGGATC
rt	P03-B01	CTCTGATCAG
rt	P03-B02	GGCCAGTCCG
rt	P03-B03	CGGAAGATAT
rt	P03-B04	TGGCTGATGA
rt	P03-B05	GAAGGTTGCC
rt	P03-B06	GTTGAAGGAT
rt	P03-B07	TGCGCCAGAA
rt	P03-B08	CGAATAATTC
rt	P03-B09	GCGACGCCTT
rt	P03-B10	ATCAACGATT
rt	P03-B11	GTTCTGAATT
rt	P03-B12	GCTAACCTCA
rt	P03-C01	GGAGCGGCCG
rt	P03-C02	CGCGTACGAC
rt	P03-C03	CGATGGCGCC
rt	P03-C04	TGGTATTCAT
rt	P03-C05	GATAAGGCAA
rt	P03-C06	GCCGGTCGAG
rt	P03-C07	TGCGCCATCT
rt	P03-C08	AAGTCTTCCG
rt	P03-C09	AGACTCAAGC
rt	P03-C10	GCAGGCGACG
rt	P03-C11	AATACTCTTC
rt	P03-C12	CCAACTAACC
rt	P03-D01	TATCCTCAAT
rt	P03-D02	GCCGTCGCGT
rt	P03-D03	AATGCTAGTC
rt	P03-D04	GACGACCTGC
rt	P03-D05	AGAGCCAGCC
rt	P03-D06	CCAGGCCGCA
rt	P03-D07	CAGGTATGGA
rt	P03-D08	TTAATTATTG
rt	P03-D09	CCGTTGACTT
rt	P03-D10	GCCAGGATCA
rt	P03-D11	CTTCGGCGCA
rt	P03-D12	CAAGGCATTC
rt	P03-E01	CGGATGAAGG
rt	P03-E02	TATCGTCGGC
rt	P03-E03	GCCGTATGCT
rt	P03-E04	CTGAACTGGT
rt	P03-E05	CATAACCAGC
rt	P03-E06	AAGTTGCCAT
rt	P03-E07	AGGCCGCTCG
rt	P03-E08	GTACTAGTAA
rt	P03-E09	GCGCGGTAGT
rt	P03-E10	CTGGATTAGT
rt	P03-E11	TTGGATCCTT
rt	P03-E12	TTGGAATCTC
rt	P03-F01	ACCTGGACGC
rt	P03-F02	GCGTTCAGCT
rt	P03-F03	TTAGCAATAA
rt	P03-F04	TTGATGCTAT
rt	P03-F05	CTCTGCGGCA
rt	P03-F06	AATAATACCA
rt	P03-F07	ACGCCGTTCA
rt	P03-F08	TTCGCTTACG
rt	P03-F09	TACGGCTACG
rt	P03-F10	TTCTTATCGA
rt	P03-F11	TTCCATGGCA
rt	P03-F12	AAGTAGTCAG
rt	P03-G01	TCAGCTCTAA
rt	P03-G02	CGAATAGATG
rt	P03-G03	CGGAGATCCG
rt	P03-G04	ACCGCAGAAT
rt	P03-G05	TCTCCTATAA
rt	P03-G06	AAGACGGCCA
rt	P03-G07	GCCAACGCCA
rt	P03-G08	TCTACCATTA
rt	P03-G09	TTACGTATAC
rt	P03-G10	ACTTAACTAG
rt	P03-G11	GCAGACCGGT
rt	P03-G12	TGAGTCCAGA
rt	P03-H01	TGGAGAATTC
rt	P03-H02	GGCGAGCTTA
rt	P03-H03	TCGAGGAGTA
rt	P03-H04	CCTTACTCCT
rt	P03-H05	TCAGACGAAC
rt	P03-H06	CCGTCCAGTA
rt	P03-H07	GTTCCGCTAA
rt	P03-H08	CAGATTCGAT
rt	P03-H09	TGCATATAAC
rt	P03-H10	TAGGCAGATA
rt	P03-H11	TATGCCGAGT
rt	P03-H12	ATAGTCGTAG
rt	P04-A01	GGATGCAGCA
rt	P04-A02	CCGCTATATT
rt	P04-A03	ATCGAGTCGC
rt	P04-A04	GCGACGCAGA
rt	P04-A05	AATGGTCGAC
rt	P04-A06	TGGAACTAGA
rt	P04-A07	GTCCAACTCA
rt	P04-A08	TTATAAGAAC
rt	P04-A09	CAAGCTTCAT
rt	P04-A10	CTGATTAAGA
rt	P04-A11	TACTTACTTA
rt	P04-A12	GGATCTGCAG
rt	P04-B01	ATGCAATATG
rt	P04-B02	ACTGCCGATA
rt	P04-B03	TCCAGAAGGT
rt	P04-B04	TTCAAGACCA
rt	P04-B05	TATTACTCAT
rt	P04-B06	AACTGATCTT
rt	P04-B07	CCGCGGACCG
rt	P04-B08	AATACGCAGG
rt	P04-B09	GGTCGCGTCA
rt	P04-B10	AATTATCAGC
rt	P04-B11	ATTGCGCTGA
rt	P04-B12	AGCTAAGGTA
rt	P04-C01	TCGTAGAGAA
rt	P04-C02	TGATGGCCTT
rt	P04-C03	TGGAAGTACC
rt	P04-C04	AGATATATCG
rt	P04-C05	CATGCTGGTT
rt	P04-C06	GCAAGGAATA
rt	P04-C07	GGCATAGCTT
rt	P04-C08	AGTAAGCATA
rt	P04-C09	CGCCTCGAAC
rt	P04-C10	TTAGGATCTA
rt	P04-C11	ACTACTGAAG
rt	P04-C12	AATCTGGAGT
rt	P04-D01	CTCGATGGAG
rt	P04-D02	GTTGACGGCC
rt	P04-D03	CTCGTCTAGG
rt	P04-D04	GCTCTAACGA
rt	P04-D05	TGATAGAACG
rt	P04-D06	TTAGATTCCG
rt	P04-D07	TCGATATTGA
rt	P04-D08	CCAGGTCTAC
rt	P04-D09	TTGGTCATAA
rt	P04-D10	AACGGACCAA
rt	P04-D11	TTAACGTACC
rt	P04-D12	GGACTCATTG
rt	P04-E01	GAACTGCATC
rt	P04-E02	ACTCTCTCAA
rt	P04-E03	GTCGCTCAGT
rt	P04-E04	CCGTCGGAGG
rt	P04-E05	AGCGTCAATG
rt	P04-E06	TTGAGTATCA
rt	P04-E07	TGAGGTAGAA
rt	P04-E08	GACTAGTCTA
rt	P04-E09	CTGCTTCGAC
rt	P04-E10	CCTAGCGCCT
rt	P04-E11	AGTTGCATCT
rt	P04-E12	AATTGCCTAC
rt	P04-F01	CGCCGCCTCC
rt	P04-F02	CAAGTACTGG
rt	P04-F03	CGGCGAGACC
rt	P04-F04	GACCTCCGCC
rt	P04-F05	TCTAGAACTA
rt	P04-F06	CGATCATTAC
rt	P04-F07	GACCTCTCTG
rt	P04-F08	GGCTAATTAA
rt	P04-F09	GATGATCGTA
rt	P04-F10	GCTCTCGCCT
rt	P04-F11	ACTATCTTGA
rt	P04-F12	AGGTCAATTA
rt	P04-G01	AAGCCGGCTG
rt	P04-G02	CATGCATCTC
rt	P04-G03	TCCGGTAATC
rt	P04-G04	ACCGTTACGA
rt	P04-G05	TCCGTCGCCA
rt	P04-G06	GGCTATGACT
rt	P04-G07	ACTTCCGAAT
rt	P04-G08	AACTACCGAC
rt	P04-G09	CGTCCGTCCT
rt	P04-G10	GGTCCAGGAG
rt	P04-G11	AACGAGGCTA
rt	P04-G12	ACGTTCAACC
rt	P04-H01	ACGAGGACCT
rt	P04-H02	AACCTAGCTT
rt	P04-H03	AGTCCGCGGA
rt	P04-H04	ACTATCCGCA
rt	P04-H05	CGAGCTGCCA
rt	P04-H06	GTCATTGCGC
rt	P04-H07	CAAGATTAAG
rt	P04-H08	ACGCAACTCC
rt	P04-H09	TGATACGAGT
rt	P04-H10	CATTATTACC
rt	P04-H11	TCTATAAGGA
rt	P04-H12	TTGGAGTCGG
rt	P05-A01	GGTTGGCGAC
rt	P05-A02	GTAGATCGTT
rt	P05-A03	GAGGTCGGTT
rt	P05-A04	ACGCGCTCCT
rt	P05-A05	AGCGTCGTAT
rt	P05-A06	GACCAATGCG
rt	P05-A07	AGGTAGAGCT
rt	P05-A08	TTGCAGCATT
rt	P05-A09	GTAGATGCGC
rt	P05-A10	TCGGTAAGGC
rt	P05-A11	ACGATAGACT
rt	P05-A12	GCGGCCAATC
rt	P05-B01	ACGCGTATCG
rt	P05-B02	CATGACTCAA
rt	P05-B03	ACTCCGCCAA
rt	P05-B04	ACGTTGAATG
rt	P05-B05	AGGACTGCGA
rt	P05-B06	ACTCGACGCC
rt	P05-B07	CCTATCATAA
rt	P05-B08	AATCCGGTCA
rt	P05-B09	CTATTAACCA
rt	P05-B10	GATCCAGCGT
rt	P05-B11	TGAGACTCTA
rt	P05-B12	GCGGAGTCGA
rt	P05-C01	GAGGCTTATT
rt	P05-C02	CGCCAGGCAT
rt	P05-C03	AATACCAGTT
rt	P05-C04	GCGGTTATTG
rt	P05-C05	CATCCAGCCA
rt	P05-C06	GGCTGCCTTA
rt	P05-C07	TTCTATAGAG
rt	P05-C08	TCTAGTCAAG
rt	P05-C09	ACGGAGAATA
rt	P05-C10	ATTAACTTAA
rt	P05-C11	CGTATTGAGA
rt	P05-C12	TAGCCAGCAA
rt	P05-D01	TCGGCGTCGT
rt	P05-D02	GCCTGATATA
rt	P05-D03	GCCTCAGCAT
rt	P05-D04	ATCTAGGTTC
rt	P05-D05	GACGAGGTTG
rt	P05-D06	CTGGTTGGTT
rt	P05-D07	CCGCGCAGGT
rt	P05-D08	ACTCTACTGG
rt	P05-D09	CCTGAGAGCA
rt	P05-D10	ACCAGTATAA
rt	P05-D11	TCCGCCGGTC
rt	P05-D12	TGCCTAACTT
rt	P05-E01	TTCTCTGAGA
rt	P05-E02	CCTGCATCAA
rt	P05-E03	TCTGACGAGG
rt	P05-E04	GATTCCGGAA
rt	P05-E05	TGGCATAACG
rt	P05-E06	TCTCTCATCC
rt	P05-E07	TTCGCTGCCT
rt	P05-E08	GGATTCTATC
rt	P05-E09	TAGAATAGCC
rt	P05-E10	GCTCGAATCA
rt	P05-E11	GGCTCGAGAT
rt	P05-E12	TCCTCTCCGT
rt	P05-F01	ATAACCGTTC
rt	P05-F02	AGGTCTATGG
rt	P05-F03	AGCAAGAACC
rt	P05-F04	TTGATATGAA
rt	P05-F05	TGGCAGAAGT
rt	P05-F06	CTTCATTAGA
rt	P05-F07	AATCGAACTC
rt	P05-F08	GGACGACGCA
rt	P05-F09	CGTCTATGAA
rt	P05-F10	CGAATCTCCT
rt	P05-F11	GGCTATTCGA
rt	P05-F12	TCTATCGGTA
rt	P05-G01	CGAAGGCATG
rt	P05-G02	AATTGAGAGA
rt	P05-G03	GTAGTTGGAT
rt	P05-G04	CCTAAGCGGT
rt	P05-G05	CGTAAGGAGT
rt	P05-G06	AAGCATCCTA
rt	P05-G07	CTGAAGAGAC
rt	P05-G08	GGCTTCTGGA
rt	P05-G09	AGCGATCCGC
rt	P05-G10	ACGCTTCTCT
rt	P05-G11	ATATGCCATC
rt	P05-G12	AAGTACGTTA
rt	P05-H01	GAATGAGGAG
rt	P05-H02	AGGCCGGTAA
rt	P05-H03	GCCATCAACT
rt	P05-H04	ACTGGTAGAT
rt	P05-H05	ATGAGTTCTC
rt	P05-H06	CCATCGGACC
rt	P05-H07	GGCATCTACC
rt	P05-H08	TTCTCTACTA
rt	P05-H09	CCAGGCTCTT
rt	P05-H10	ATCCATCAGG
rt	P05-H11	CTCGGAGCAA
rt	P05-H12	GGCGGTTGAC